method,spearman_rho,p_value
MoE-Harmony,-0.28454072032402383,3.4955815433865715e-66
Harmony,-0.3687637592693448,3.441004566795128e-113
