method,pearson_r,p_value
MoE-Harmony,-0.37842721988623773,1.4161230246296977e-119
Harmony,-0.151767269626667,1.7514884518046976e-19
